"species","seq_type","n_sequences","n_sources"
"Abbottina rivularis","12S",13,2
"Abbottina rivularis","16S",2,1
"Abbottina rivularis","COI",154,4
"Abbottina rivularis","genome",4,1
"Abbottina rivularis","multiple",1,1
"Abramis brama","16S",4,1
"Abramis brama","COI",80,4
"Abramis brama","genome",5,2
"Acanthogobius elongatus","COI",6,1
"Acanthogobius hasta","12S",8,2
"Acanthogobius hasta","16S",3,1
"Acanthogobius hasta","COI",104,3
"Acanthogobius hasta","genome",5,1
"Acanthogobius hasta","multiple",1,1
"Acanthogobius lactipes","12S",8,2
"Acanthogobius lactipes","COI",3,2
"Acanthogobius lactipes","genome",1,1
"Acanthogobius lactipes","multiple",4,2
"Acanthogobius luridus","12S",2,1
"Acanthogobius luridus","COI",1,1
"Acheilognathus barbatulus","12S",2,2
"Acheilognathus barbatulus","COI",15,3
"Acheilognathus barbatulus","genome",1,1
"Acheilognathus barbatus","12S",2,2
"Acheilognathus barbatus","COI",4,2
"Acheilognathus barbatus","genome",1,1
"Acheilognathus chankaensis","12S",3,2
"Acheilognathus chankaensis","16S",1,1
"Acheilognathus chankaensis","COI",39,3
"Acheilognathus chankaensis","genome",3,1
"Acheilognathus gracilis","12S",1,1
"Acheilognathus gracilis","COI",6,2
"Acheilognathus hypselonotus","12S",1,1
"Acheilognathus hypselonotus","COI",1,1
"Acheilognathus hypselonotus","genome",1,1
"Acheilognathus imberbis","12S",3,2
"Acheilognathus imberbis","COI",14,3
"Acheilognathus imberbis","genome",2,1
"Acheilognathus macropterus","12S",5,2
"Acheilognathus macropterus","16S",7,1
"Acheilognathus macropterus","COI",77,3
"Acheilognathus macropterus","genome",3,2
"Acheilognathus omeiensis","12S",1,1
"Acheilognathus omeiensis","COI",3,2
"Acheilognathus omeiensis","genome",1,1
"Acheilognathus polylepis","COI",2,1
"Acheilognathus striatus","12S",1,1
"Acheilognathus striatus","COI",1,1
"Acheilognathus striatus","genome",1,1
"Acheilognathus tabira","12S",12,1
"Acheilognathus tabira","COI",7,3
"Acheilognathus tabira","genome",5,1
"Acheilognathus tabira","multiple",3,1
"Acheilognathus tonkinensis","12S",2,2
"Acheilognathus tonkinensis","COI",13,3
"Acheilognathus tonkinensis","genome",1,1
"Acrossocheilus fasciatus","12S",12,1
"Acrossocheilus fasciatus","COI",77,3
"Acrossocheilus fasciatus","genome",42,2
"Acrossocheilus fasciatus","multiple",20,1
"Acrossocheilus jishouensis","12S",2,1
"Acrossocheilus jishouensis","COI",20,3
"Acrossocheilus jishouensis","genome",2,1
"Acrossocheilus jishouensis","multiple",5,1
"Acrossocheilus kreyenbergii","12S",4,2
"Acrossocheilus kreyenbergii","16S",1,1
"Acrossocheilus kreyenbergii","COI",25,3
"Acrossocheilus kreyenbergii","genome",3,1
"Acrossocheilus kreyenbergii","multiple",10,1
"Acrossocheilus paradoxus","12S",23,1
"Acrossocheilus paradoxus","COI",74,3
"Acrossocheilus paradoxus","genome",3,1
"Ageneiogarra imberba","12S",1,1
"Ageneiogarra imberba","16S",1,1
"Ageneiogarra imberba","COI",23,4
"Ageneiogarra imberba","genome",2,2
"Amblychaeturichthys hexanema","12S",7,2
"Amblychaeturichthys hexanema","COI",29,4
"Amblychaeturichthys hexanema","genome",1,1
"Amblychaeturichthys hexanema","multiple",1,1
"Ameiurus melas","12S",8,3
"Ameiurus melas","16S",3,1
"Ameiurus melas","COI",98,3
"Ameiurus melas","genome",2,1
"Ameiurus nebulosus","12S",18,3
"Ameiurus nebulosus","16S",8,1
"Ameiurus nebulosus","COI",91,3
"Ameiurus nebulosus","genome",6,2
"Ameiurus nebulosus","multiple",2,1
"Amphilophus citrinellus","12S",5,2
"Amphilophus citrinellus","16S",3,1
"Amphilophus citrinellus","COI",459,3
"Amphilophus citrinellus","genome",2,1
"Anabarilius brevianalis","12S",1,1
"Anabarilius brevianalis","16S",1,1
"Anabarilius brevianalis","COI",4,2
"Anabarilius brevianalis","genome",1,1
"Anabarilius liui","12S",1,1
"Anabarilius liui","16S",1,1
"Anabarilius liui","COI",2,2
"Anabarilius liui","genome",1,1
"Anabarilius songmingensis","12S",1,1
"Anabarilius songmingensis","16S",1,1
"Anabarilius songmingensis","COI",1,1
"Ancherythroculter kurematsui","COI",4,3
"Ancherythroculter kurematsui","genome",1,1
"Ancherythroculter nigrocauda","COI",132,2
"Ancherythroculter nigrocauda","genome",2,1
"Ancherythroculter wangi","12S",1,1
"Ancherythroculter wangi","COI",1,1
"Ancherythroculter wangi","genome",2,1
"Anguilla japonica","12S",9,2
"Anguilla japonica","16S",160,1
"Anguilla japonica","COI",110,3
"Anguilla japonica","genome",4,2
"Anguilla marmorata","12S",11,2
"Anguilla marmorata","16S",216,1
"Anguilla marmorata","COI",230,4
"Anguilla marmorata","genome",2,1
"Anguilla marmorata","multiple",16,1
"Angustistoma barbatum","12S",1,1
"Angustistoma barbatum","16S",2,1
"Angustistoma barbatum","COI",14,2
"Angustistoma barbatum","genome",3,1
"Angustistoma elongata","16S",2,1
"Angustistoma elongata","COI",2,1
"Angustistoma macrolepis","COI",5,1
"Angustistoma macrolepis","genome",4,1
"Aphyocypris chinensis","12S",4,2
"Aphyocypris chinensis","COI",11,3
"Aphyocypris chinensis","genome",2,1
"Aphyocypris chinensis","multiple",1,1
"Barbatula nuda","12S",2,2
"Barbatula nuda","COI",67,3
"Barbatula nuda","genome",1,1
"Barbeuchiloglanis feae","COI",1,1
"Barbeuchiloglanis feae","genome",1,1
"Barbonymus gonionotus","12S",7,2
"Barbonymus gonionotus","16S",8,1
"Barbonymus gonionotus","COI",97,4
"Barbonymus gonionotus","genome",1,1
"Barbonymus gonionotus","multiple",1,1
"Barbonymus schwanefeldii","12S",4,1
"Barbonymus schwanefeldii","16S",4,1
"Barbonymus schwanefeldii","COI",69,3
"Barbonymus schwanefeldii","genome",4,1
"Beaufortia liui","COI",3,1
"Beaufortia niulanensis","COI",1,1
"Beaufortia szechuanensis","12S",1,1
"Beaufortia szechuanensis","COI",10,3
"Beaufortia szechuanensis","genome",1,1
"Belligobio nummifer","12S",1,1
"Belligobio nummifer","COI",11,3
"Belligobio nummifer","genome",1,1
"Belligobio pengxianensis","12S",1,1
"Belligobio pengxianensis","COI",1,1
"Belligobio pengxianensis","genome",1,1
"Bidyanus bidyanus","12S",4,2
"Bidyanus bidyanus","COI",8,3
"Bidyanus bidyanus","genome",1,1
"Bidyanus bidyanus","multiple",1,1
"Boleophthalmus pectinirostris","12S",5,2
"Boleophthalmus pectinirostris","16S",2,1
"Boleophthalmus pectinirostris","COI",373,3
"Boleophthalmus pectinirostris","genome",2,1
"Boleophthalmus pectinirostris","multiple",1,1
"Bostrychus sinensis","12S",11,2
"Bostrychus sinensis","COI",225,4
"Bostrychus sinensis","genome",24,1
"Brachymystax lenok","12S",4,3
"Brachymystax lenok","COI",91,4
"Brachymystax lenok","genome",4,2
"Brachymystax lenok","multiple",1,1
"Butis koilomatodon","12S",6,2
"Butis koilomatodon","16S",2,1
"Butis koilomatodon","COI",39,3
"Butis koilomatodon","genome",1,1
"Butis koilomatodon","multiple",3,1
"Callionymus olidus","12S",1,1
"Callionymus olidus","COI",1,1
"Callionymus olidus","genome",1,1
"Carassioides acuminatus","12S",2,1
"Carassioides acuminatus","16S",3,2
"Carassioides acuminatus","COI",8,3
"Carassioides acuminatus","genome",2,1
"Carassius auratus","12S",46,4
"Carassius auratus","16S",47,2
"Carassius auratus","COI",709,4
"Carassius auratus","genome",34,2
"Carassius auratus","multiple",53,2
"Carassius cuvieri","12S",2,2
"Carassius cuvieri","16S",5,1
"Carassius cuvieri","COI",43,3
"Carassius cuvieri","genome",1,1
"Chaeturichthys stigmatias","12S",4,1
"Chaeturichthys stigmatias","COI",53,3
"Chaeturichthys stigmatias","genome",2,2
"Chaeturichthys stigmatias","multiple",2,1
"Channa argus","12S",13,2
"Channa argus","16S",14,1
"Channa argus","COI",102,3
"Channa argus","genome",7,2
"Channa argus","multiple",10,1
"Channa asiatica","12S",3,2
"Channa asiatica","16S",5,1
"Channa asiatica","COI",22,2
"Channa asiatica","genome",1,1
"Channa asiatica","multiple",5,1
"Channa maculata","12S",2,2
"Channa maculata","16S",5,1
"Channa maculata","COI",37,3
"Channa maculata","genome",3,1
"Channa maculata","multiple",4,1
"Chanodichthys dabryi","12S",1,1
"Chanodichthys dabryi","COI",14,2
"Chanodichthys dabryi","genome",2,1
"Chanodichthys erythropterus","12S",3,2
"Chanodichthys erythropterus","16S",1,1
"Chanodichthys erythropterus","COI",66,3
"Chanodichthys erythropterus","genome",3,2
"Chanodichthys mongolicus","12S",1,1
"Chanodichthys mongolicus","COI",38,3
"Chanodichthys mongolicus","genome",4,1
"Chanodichthys oxycephalus","12S",2,2
"Chanodichthys oxycephalus","COI",7,3
"Chanodichthys oxycephalus","genome",1,1
"Chimarrichthys davidi","16S",1,1
"Chimarrichthys davidi","COI",2,2
"Chimarrichthys davidi","genome",1,1
"Chimarrichthys kishinouyei","12S",1,1
"Chimarrichthys kishinouyei","16S",1,1
"Chimarrichthys kishinouyei","COI",65,3
"Chimarrichthys kishinouyei","genome",2,2
"Chimarrichthys kishinouyei|Tremeuchiloglanis sinensis","COI",1,1
"Chimarrichthys longibarbatus","COI",1,1
"Cirrhinus molitorella","12S",4,2
"Cirrhinus molitorella","16S",4,1
"Cirrhinus molitorella","COI",23,3
"Cirrhinus molitorella","genome",3,1
"Cirrhinus mrigala","12S",4,1
"Cirrhinus mrigala","16S",7,1
"Cirrhinus mrigala","COI",270,4
"Cirrhinus mrigala","genome",4,1
"Claea dabryi","12S",1,1
"Claea dabryi","COI",13,3
"Claea dabryi","genome",1,1
"Clarias batrachus","12S",4,2
"Clarias batrachus","16S",23,1
"Clarias batrachus","COI",291,3
"Clarias batrachus","genome",3,1
"Clarias batrachus","multiple",2,1
"Clarias fuscus","12S",2,1
"Clarias fuscus","16S",2,1
"Clarias fuscus","COI",10,3
"Clarias fuscus","genome",3,1
"Clarias gariepinus","12S",10,3
"Clarias gariepinus","16S",58,1
"Clarias gariepinus","COI",644,4
"Clarias gariepinus","genome",2,1
"Clarias macrocephalus","12S",1,1
"Clarias macrocephalus","16S",3,1
"Clarias macrocephalus","COI",100,4
"Clarias macrocephalus","genome",1,1
"Clarias macrocephalus","multiple",1,1
"Cobitis crassicauda","12S",1,1
"Cobitis crassicauda","COI",3,2
"Cobitis crassicauda","genome",1,1
"Cobitis macrostigma","12S",2,1
"Cobitis macrostigma","COI",4,2
"Cobitis macrostigma","genome",2,1
"Cobitis rara","COI",4,2
"Cobitis sinensis","12S",3,2
"Cobitis sinensis","COI",147,3
"Cobitis sinensis","genome",1,1
"Cobitis taenia","12S",8,1
"Cobitis taenia","16S",4,1
"Cobitis taenia","COI",121,2
"Cobitis xinjiangensis","COI",1,1
"Coilia brachygnathus","COI",192,2
"Coilia brachygnathus","genome",6,1
"Coilia brachygnathus","multiple",1,1
"Coilia mystus","12S",5,1
"Coilia mystus","COI",124,4
"Coilia mystus","genome",6,2
"Coilia mystus","multiple",34,1
"Coilia nasus","12S",3,2
"Coilia nasus","16S",1,1
"Coilia nasus","COI",1191,4
"Coilia nasus","genome",11,1
"Coilia nasus","multiple",11,1
"Collichthys lucidus","12S",3,2
"Collichthys lucidus","16S",11,1
"Collichthys lucidus","COI",166,4
"Collichthys lucidus","genome",3,1
"Collichthys lucidus","multiple",1,1
"Colossoma macropomum","12S",6,1
"Colossoma macropomum","16S",5,1
"Colossoma macropomum","COI",822,2
"Colossoma macropomum","genome",1,1
"Coptodon zillii","12S",12,2
"Coptodon zillii","16S",7,1
"Coptodon zillii","COI",146,4
"Coptodon zillii","genome",3,2
"Coptodon zillii","multiple",6,1
"Coreius guichenoti","12S",1,1
"Coreius guichenoti","COI",108,3
"Coreius guichenoti","genome",1,1
"Coreius heterodon","12S",1,1
"Coreius heterodon","COI",11,3
"Coreius heterodon","genome",1,1
"Coreoperca whiteheadi","12S",3,2
"Coreoperca whiteheadi","16S",1,1
"Coreoperca whiteheadi","COI",25,3
"Coreoperca whiteheadi","genome",1,1
"Ctenopharyngodon idella","12S",14,3
"Ctenopharyngodon idella","16S",7,1
"Ctenopharyngodon idella","COI",176,4
"Ctenopharyngodon idella","genome",7,1
"Ctenopharyngodon idella","multiple",2,1
"Culter alburnus","12S",8,1
"Culter alburnus","COI",42,3
"Culter alburnus","genome",15,1
"Cynoglossus abbreviatus","12S",3,2
"Cynoglossus abbreviatus","16S",5,1
"Cynoglossus abbreviatus","COI",18,3
"Cynoglossus abbreviatus","genome",2,1
"Cynoglossus abbreviatus","multiple",2,1
"Cynoglossus gracilis","12S",1,1
"Cynoglossus gracilis","COI",9,3
"Cynoglossus gracilis","genome",1,1
"Cynoglossus joyneri","12S",12,2
"Cynoglossus joyneri","16S",11,2
"Cynoglossus joyneri","COI",74,4
"Cynoglossus joyneri","genome",4,2
"Cynoglossus purpureomaculatus","16S",1,1
"Cynoglossus purpureomaculatus","COI",4,1
"Cynoglossus robustus","12S",5,2
"Cynoglossus robustus","16S",6,1
"Cynoglossus robustus","COI",14,3
"Cynoglossus robustus","genome",1,1
"Cynoglossus robustus","multiple",4,2
"Cynoglossus semilaevis","12S",4,2
"Cynoglossus semilaevis","16S",4,1
"Cynoglossus semilaevis","COI",21,4
"Cynoglossus semilaevis","genome",8,1
"Cynoglossus trigrammus","12S",1,1
"Cynoglossus trigrammus","COI",6,1
"Cynoglossus trigrammus","genome",1,1
"Cyprinus carpio","12S",42,3
"Cyprinus carpio","16S",61,1
"Cyprinus carpio","COI",1400,4
"Cyprinus carpio","genome",40,2
"Cyprinus carpio","multiple",117,2
"Cyprinus chilia","COI",57,1
"Cyprinus multitaeniatus","12S",2,1
"Cyprinus multitaeniatus","16S",1,1
"Cyprinus multitaeniatus","COI",11,3
"Cyprinus multitaeniatus","genome",2,1
"Decorus rendahli","12S",1,1
"Decorus rendahli","COI",4,2
"Decorus rendahli","genome",1,1
"Decorus tungting","12S",1,1
"Decorus tungting","16S",1,1
"Decorus tungting","COI",3,2
"Decorus tungting","genome",2,1
"Discogobio brachyphysallidos","12S",1,1
"Discogobio brachyphysallidos","16S",1,1
"Discogobio brachyphysallidos","COI",6,2
"Discogobio brachyphysallidos","genome",2,2
"Discogobio laticeps","12S",1,1
"Discogobio laticeps","16S",1,1
"Discogobio laticeps","COI",1,1
"Discogobio yunnanensis","12S",1,1
"Discogobio yunnanensis","16S",2,1
"Discogobio yunnanensis","COI",6,3
"Discogobio yunnanensis","genome",1,1
"Distoechodon tumirostris","12S",1,1
"Distoechodon tumirostris","COI",20,3
"Distoechodon tumirostris","genome",1,1
"Doboatherina bleekeri","12S",2,2
"Doboatherina bleekeri","16S",1,1
"Doboatherina bleekeri","COI",1,1
"Doboatherina bleekeri","multiple",1,1
"Dussumieria elopsoides","12S",2,1
"Dussumieria elopsoides","16S",3,1
"Dussumieria elopsoides","COI",93,4
"Eleotris oxycephala","12S",8,2
"Eleotris oxycephala","16S",1,1
"Eleotris oxycephala","COI",14,3
"Eleotris oxycephala","genome",2,1
"Eleotris oxycephala","multiple",3,1
"Eleutheronema tetradactylum","12S",7,2
"Eleutheronema tetradactylum","16S",5,1
"Eleutheronema tetradactylum","COI",209,4
"Eleutheronema tetradactylum","genome",3,2
"Eleutheronema tetradactylum","multiple",2,1
"Elopichthys bambusa","12S",2,1
"Elopichthys bambusa","COI",27,3
"Elopichthys bambusa","genome",2,1
"Eonemachilus caohaiensis","12S",1,1
"Eonemachilus caohaiensis","COI",1,1
"Eonemachilus caohaiensis","genome",1,1
"Eonemachilus nigromaculatus","genome",1,1
"Folifer brevifilis","12S",2,2
"Folifer brevifilis","16S",1,1
"Folifer brevifilis","COI",10,3
"Folifer brevifilis","genome",1,1
"Gambusia affinis","12S",8,2
"Gambusia affinis","16S",1,1
"Gambusia affinis","COI",105,4
"Gambusia affinis","genome",2,1
"Gambusia affinis","multiple",4,1
"Geophagus brasiliensis","12S",3,2
"Geophagus brasiliensis","16S",4,1
"Geophagus brasiliensis","COI",85,3
"Geophagus brasiliensis","genome",2,1
"Glossogobius giuris","12S",7,2
"Glossogobius giuris","16S",10,1
"Glossogobius giuris","COI",260,4
"Glossogobius giuris","genome",2,1
"Glossogobius giuris","multiple",4,1
"Glyptothorax sinensis","12S",3,2
"Glyptothorax sinensis","16S",2,1
"Glyptothorax sinensis","COI",10,3
"Glyptothorax sinensis","genome",3,2
"Gnathopogon herzensteini","12S",3,2
"Gnathopogon herzensteini","COI",8,2
"Gnathopogon herzensteini","genome",3,1
"Gnathopogon imberbis","12S",1,1
"Gnathopogon imberbis","COI",14,3
"Gnathopogon imberbis","genome",1,1
"Gnathopogon nicholsi","12S",1,1
"Gnathopogon nicholsi","COI",2,2
"Gnathopogon nicholsi","genome",1,1
"Gnathopogon taeniellus","12S",1,1
"Gnathopogon taeniellus","COI",11,2
"Gnathopogon taeniellus","genome",1,1
"Gobiobotia brevirostris","12S",1,1
"Gobiobotia brevirostris","COI",2,1
"Gobiobotia brevirostris","genome",2,1
"Gobiobotia filifer","12S",4,1
"Gobiobotia filifer","COI",84,3
"Gobiobotia filifer","genome",4,1
"Gobiobotia jiangxiensis","12S",1,1
"Gobiobotia jiangxiensis","COI",1,1
"Gobiobotia jiangxiensis","genome",1,1
"Gobiobotia lii","COI",3,1
"Gobiobotia longibarba","12S",1,1
"Gobiobotia longibarba","COI",2,1
"Gobiobotia longibarba","genome",2,1
"Gobiobotia meridionalis","12S",1,1
"Gobiobotia meridionalis","COI",16,1
"Gobiobotia meridionalis","genome",1,1
"Gobiobotia tungi","12S",1,1
"Gobiobotia tungi","COI",2,2
"Gobiobotia tungi","genome",1,1
"Gobiocypris rarus","12S",1,1
"Gobiocypris rarus","COI",14,3
"Gobiocypris rarus","genome",1,1
"Gymnodiptychus pachycheilus","12S",4,1
"Gymnodiptychus pachycheilus","16S",4,1
"Gymnodiptychus pachycheilus","COI",80,4
"Gymnodiptychus pachycheilus","genome",4,2
"Harpadon nehereus","12S",4,2
"Harpadon nehereus","16S",11,1
"Harpadon nehereus","COI",150,4
"Harpadon nehereus","genome",2,1
"Harpadon nehereus","multiple",1,1
"Hemibagrus macropterus","12S",1,1
"Hemibagrus macropterus","16S",1,1
"Hemibagrus macropterus","COI",57,3
"Hemibagrus macropterus","genome",1,1
"Hemibarbus labeo","12S",14,3
"Hemibarbus labeo","16S",1,1
"Hemibarbus labeo","COI",102,4
"Hemibarbus labeo","genome",5,2
"Hemibarbus labeo","multiple",5,2
"Hemibarbus longirostris","12S",6,2
"Hemibarbus longirostris","COI",10,3
"Hemibarbus longirostris","genome",1,1
"Hemibarbus longirostris","multiple",2,1
"Hemibarbus maculatus","12S",2,2
"Hemibarbus maculatus","COI",25,3
"Hemibarbus maculatus","genome",1,1
"Hemibarbus medius","12S",2,1
"Hemibarbus medius","COI",8,2
"Hemibarbus medius","genome",2,1
"Hemiculter leucisculus","12S",9,2
"Hemiculter leucisculus","16S",2,1
"Hemiculter leucisculus","COI",721,4
"Hemiculter leucisculus","genome",6,2
"Hemiculter leucisculus","multiple",2,2
"Hemiculter tchangi","12S",1,1
"Hemiculter tchangi","COI",33,2
"Hemiculter tchangi","genome",1,1
"Hemiculterella sauvagei","12S",1,1
"Hemiculterella sauvagei","COI",42,3
"Hemiculterella sauvagei","genome",1,1
"Hemiculterella wui","12S",1,1
"Hemiculterella wui","COI",71,4
"Hemiculterella wui","genome",1,1
"Hemimyzon yaotanensis","COI",1,1
"Hemisalanx brachyrostralis","12S",4,2
"Hemisalanx brachyrostralis","16S",3,1
"Hemisalanx brachyrostralis","COI",10,3
"Hemisalanx brachyrostralis","genome",1,1
"Homatula berezowskii","12S",1,1
"Homatula berezowskii","COI",2,2
"Homatula berezowskii","genome",1,1
"Homatula potanini","12S",3,2
"Homatula potanini","COI",12,3
"Homatula potanini","genome",2,1
"Homatula variegata","12S",2,2
"Homatula variegata","COI",17,3
"Homatula variegata","genome",1,1
"Homatula wujiangensis","COI",1,1
"Hucho bleekeri","12S",2,1
"Hucho bleekeri","COI",10,3
"Hucho bleekeri","genome",2,1
"Huso gueldenstaedtii","12S",6,2
"Huso gueldenstaedtii","16S",7,1
"Huso gueldenstaedtii","COI",154,3
"Huso gueldenstaedtii","genome",2,1
"Huso nudiventris","12S",4,2
"Huso nudiventris","16S",1,1
"Huso nudiventris","COI",25,3
"Huso nudiventris","genome",2,1
"Huso ruthenus","12S",5,2
"Huso ruthenus","16S",7,1
"Huso ruthenus","COI",103,4
"Huso ruthenus","genome",1,1
"Huso stellatus","12S",4,2
"Huso stellatus","16S",1,1
"Huso stellatus","COI",260,4
"Huso stellatus","genome",1,1
"Hypophthalmichthys molitrix","12S",31,2
"Hypophthalmichthys molitrix","16S",3,1
"Hypophthalmichthys molitrix","COI",437,4
"Hypophthalmichthys molitrix","genome",27,1
"Hypophthalmichthys molitrix","multiple",66,1
"Hypophthalmichthys nobilis","12S",19,2
"Hypophthalmichthys nobilis","16S",2,1
"Hypophthalmichthys nobilis","COI",78,4
"Hypophthalmichthys nobilis","genome",35,1
"Hypophthalmichthys nobilis","multiple",7,1
"Hyporhamphus intermedius","12S",5,2
"Hyporhamphus intermedius","COI",13,3
"Hyporhamphus intermedius","genome",1,1
"Hyporhamphus intermedius","multiple",3,2
"Hypostomus plecostomus","12S",1,1
"Hypostomus plecostomus","16S",4,1
"Hypostomus plecostomus","COI",25,2
"Hypostomus plecostomus","genome",1,1
"Ictalurus punctatus","12S",17,3
"Ictalurus punctatus","16S",8,1
"Ictalurus punctatus","COI",189,4
"Ictalurus punctatus","genome",10,1
"Ictalurus punctatus","multiple",1,1
"Ictiobus cyprinellus","12S",3,3
"Ictiobus cyprinellus","COI",22,3
"Ictiobus cyprinellus","genome",1,1
"Ilisha elongata","12S",5,2
"Ilisha elongata","16S",5,1
"Ilisha elongata","COI",166,4
"Ilisha elongata","genome",2,1
"Ilisha elongata","multiple",1,1
"Jinshaia abbreviata","12S",1,1
"Jinshaia abbreviata","COI",15,3
"Jinshaia abbreviata","genome",2,1
"Jinshaia sinensis","12S",2,1
"Jinshaia sinensis","COI",36,4
"Jinshaia sinensis","genome",2,1
"Konosirus punctatus","12S",7,2
"Konosirus punctatus","16S",90,1
"Konosirus punctatus","COI",48,4
"Konosirus punctatus","genome",4,1
"Konosirus punctatus","multiple",1,1
"Labeo calbasu","12S",5,1
"Labeo calbasu","16S",2,1
"Labeo calbasu","COI",183,4
"Labeo calbasu","genome",4,1
"Labeo calbasu","multiple",4,1
"Labeo catla","12S",5,2
"Labeo catla","16S",20,1
"Labeo catla","COI",300,3
"Labeo catla","genome",5,1
"Labeo catla","multiple",3,1
"Labeo rohita","12S",9,2
"Labeo rohita","16S",34,1
"Labeo rohita","COI",558,4
"Labeo rohita","genome",11,1
"Labeo rohita","multiple",2,1
"Labigastromyzon fangi","12S",1,1
"Labigastromyzon fangi","16S",1,1
"Labigastromyzon fangi","COI",2,1
"Labigastromyzon fangi","genome",4,1
"Lateolabrax japonicus","12S",9,2
"Lateolabrax japonicus","16S",7,1
"Lateolabrax japonicus","COI",97,4
"Lateolabrax japonicus","genome",3,1
"Lateolabrax japonicus","multiple",2,1
"Lepisosteus oculatus","12S",7,3
"Lepisosteus oculatus","16S",4,1
"Lepisosteus oculatus","COI",75,3
"Lepisosteus oculatus","genome",2,1
"Lepisosteus oculatus","multiple",5,1
"Lepomis cyanellus","12S",8,3
"Lepomis cyanellus","16S",15,1
"Lepomis cyanellus","COI",64,3
"Lepomis cyanellus","genome",4,1
"Lepomis gibbosus","12S",19,4
"Lepomis gibbosus","16S",14,1
"Lepomis gibbosus","COI",96,4
"Lepomis gibbosus","genome",12,2
"Lepomis gibbosus","multiple",40,1
"Lepomis macrochirus","12S",22,2
"Lepomis macrochirus","16S",22,1
"Lepomis macrochirus","COI",70,3
"Lepomis macrochirus","genome",12,1
"Lepomis macrochirus","multiple",4,1
"Leptobotia bellacauda","12S",1,1
"Leptobotia bellacauda","COI",5,2
"Leptobotia bellacauda","genome",1,1
"Leptobotia citrauratea","COI",17,2
"Leptobotia elongata","12S",5,2
"Leptobotia elongata","COI",30,3
"Leptobotia elongata","genome",4,1
"Leptobotia guilinensis","12S",1,1
"Leptobotia guilinensis","COI",14,1
"Leptobotia hengyangensis","12S",1,1
"Leptobotia hengyangensis","COI",6,1
"Leptobotia hengyangensis","genome",1,1
"Leptobotia microphthalma","12S",2,1
"Leptobotia microphthalma","COI",22,3
"Leptobotia microphthalma","genome",2,1
"Leptobotia pellegrini","12S",2,1
"Leptobotia pellegrini","16S",1,1
"Leptobotia pellegrini","COI",14,3
"Leptobotia pellegrini","genome",1,1
"Leptobotia pellegrini","multiple",1,1
"Leptobotia rubrilabris","12S",2,2
"Leptobotia rubrilabris","COI",14,3
"Leptobotia rubrilabris","genome",2,1
"Leptobotia taeniops","12S",2,1
"Leptobotia taeniops","COI",19,3
"Leptobotia taeniops","genome",2,1
"Leptobotia tchangi","COI",11,1
"Leptobotia tientainensis","COI",10,3
"Lepturichthys fimbriatus","COI",75,1
"Lepturichthys fimbriatus","genome",2,1
"Leuciscus aspius","12S",4,1
"Leuciscus aspius","16S",5,1
"Leuciscus aspius","COI",55,2
"Linichthys laticeps","12S",1,1
"Linichthys laticeps","COI",3,2
"Linichthys laticeps","genome",1,1
"Liobagrus aequilabris","COI",26,1
"Liobagrus anguillicauda","12S",1,1
"Liobagrus anguillicauda","COI",17,3
"Liobagrus anguillicauda","genome",1,1
"Liobagrus kingi","12S",1,1
"Liobagrus kingi","COI",7,2
"Liobagrus kingi","genome",1,1
"Liobagrus marginatoides","12S",2,2
"Liobagrus marginatoides","COI",12,3
"Liobagrus marginatoides","genome",1,1
"Liobagrus marginatus","12S",1,1
"Liobagrus marginatus","COI",30,3
"Liobagrus marginatus","genome",1,1
"Liobagrus nigricauda","12S",1,1
"Liobagrus nigricauda","COI",7,2
"Liobagrus nigricauda","genome",1,1
"Liobagrus styani","12S",1,1
"Liobagrus styani","COI",12,3
"Liobagrus styani","genome",1,1
"Lophiogobius ocellicauda","12S",2,2
"Lophiogobius ocellicauda","COI",8,3
"Lophiogobius ocellicauda","genome",1,1
"Luciobarbus capito","12S",3,1
"Luciobarbus capito","16S",1,1
"Luciobarbus capito","COI",18,3
"Luciobarbus capito","genome",4,1
"Luciobrama macrocephalus","COI",5,1
"Luciogobius guttatus","12S",19,2
"Luciogobius guttatus","16S",18,1
"Luciogobius guttatus","COI",123,3
"Luciogobius guttatus","multiple",6,1
"Macrognathus aculeatus","12S",3,1
"Macrognathus aculeatus","16S",26,1
"Macrognathus aculeatus","COI",56,3
"Macrognathus aculeatus","genome",3,1
"Macropodus ocellatus","12S",4,2
"Macropodus ocellatus","COI",41,3
"Macropodus ocellatus","genome",1,1
"Macropodus ocellatus","multiple",1,1
"Macropodus opercularis","12S",4,2
"Macropodus opercularis","COI",27,3
"Macropodus opercularis","genome",4,2
"Macropodus opercularis","multiple",5,1
"Mastacembelus armatus","12S",5,2
"Mastacembelus armatus","16S",3,1
"Mastacembelus armatus","COI",204,4
"Mastacembelus armatus","genome",4,2
"Mastacembelus armatus","multiple",4,1
"Megalobrama amblycephala","12S",6,2
"Megalobrama amblycephala","COI",27,3
"Megalobrama amblycephala","genome",6,1
"Megalobrama amblycephala","multiple",2,1
"Megalobrama pellegrini","12S",3,1
"Megalobrama pellegrini","COI",14,3
"Megalobrama pellegrini","genome",4,1
"Megalobrama skolkovii","16S",1,1
"Megalobrama skolkovii","COI",11,2
"Megalobrama skolkovii","genome",2,1
"Megalobrama terminalis","12S",1,1
"Megalobrama terminalis","COI",100,3
"Megalobrama terminalis","genome",2,1
"Metahomaloptera omeiensis","12S",1,1
"Metahomaloptera omeiensis","COI",8,4
"Metahomaloptera omeiensis","genome",1,1
"Micropercops swinhonis","12S",4,2
"Micropercops swinhonis","16S",1,1
"Micropercops swinhonis","COI",14,3
"Micropercops swinhonis","genome",1,1
"Micropercops swinhonis","multiple",2,1
"Microphysogobio chenhsienensis","12S",3,1
"Microphysogobio chenhsienensis","COI",74,2
"Microphysogobio chenhsienensis","genome",3,1
"Microphysogobio fukiensis","12S",1,1
"Microphysogobio fukiensis","COI",8,3
"Microphysogobio fukiensis","genome",2,1
"Microphysogobio kiatingensis","COI",9,3
"Microphysogobio kiatingensis","genome",2,1
"Microphysogobio microstomus","12S",1,1
"Microphysogobio microstomus","COI",1,1
"Microphysogobio microstomus","genome",1,1
"Microphysogobio nudiventris","12S",3,1
"Microphysogobio nudiventris","COI",11,3
"Microphysogobio nudiventris","genome",3,1
"Microphysogobio tungtingensis","12S",2,1
"Microphysogobio tungtingensis","COI",2,1
"Microphysogobio tungtingensis","genome",2,1
"Microphysogobio zhangi","12S",1,1
"Microphysogobio zhangi","COI",7,2
"Microphysogobio zhangi","genome",1,1
"Micropterus salmoides","12S",19,3
"Micropterus salmoides","16S",22,2
"Micropterus salmoides","COI",216,4
"Micropterus salmoides","genome",16,2
"Miichthys miiuy","12S",2,2
"Miichthys miiuy","16S",12,1
"Miichthys miiuy","COI",33,3
"Miichthys miiuy","genome",1,1
"Misgurnus anguillicaudatus","12S",72,4
"Misgurnus anguillicaudatus","16S",5,1
"Misgurnus anguillicaudatus","COI",954,4
"Misgurnus anguillicaudatus","genome",24,2
"Misgurnus anguillicaudatus","multiple",10,1
"Misgurnus dabryanus","12S",19,2
"Misgurnus dabryanus","16S",3,1
"Misgurnus dabryanus","COI",304,3
"Misgurnus dabryanus","genome",8,2
"Misgurnus dabryanus","multiple",25,1
"Misgurnus mohoity","12S",1,1
"Misgurnus mohoity","COI",45,3
"Misgurnus mohoity","genome",1,1
"Monopterus albus","12S",13,2
"Monopterus albus","16S",54,1
"Monopterus albus","COI",383,4
"Monopterus albus","genome",12,2
"Monopterus albus","multiple",1,1
"Moolgarda cunnesius","12S",3,2
"Moolgarda cunnesius","16S",7,1
"Moolgarda cunnesius","COI",107,4
"Moolgarda cunnesius","genome",1,1
"Mugil cephalus","12S",33,3
"Mugil cephalus","16S",61,2
"Mugil cephalus","COI",720,4
"Mugil cephalus","genome",4,1
"Mugil cephalus","multiple",9,2
"Mugilogobius abei","12S",9,2
"Mugilogobius abei","COI",32,4
"Mugilogobius abei","genome",1,1
"Mugilogobius abei","multiple",5,1
"Mugilogobius myxodermus","12S",3,2
"Mugilogobius myxodermus","COI",16,3
"Mugilogobius myxodermus","genome",1,1
"Muraenesox cinereus","12S",7,2
"Muraenesox cinereus","16S",9,2
"Muraenesox cinereus","COI",53,3
"Muraenesox cinereus","genome",2,1
"Muraenesox cinereus","multiple",2,1
"Myersina filifer","12S",6,2
"Myersina filifer","COI",34,2
"Myersina filifer","genome",1,1
"Myersina filifer","multiple",3,1
"Mylopharyngodon piceus","12S",12,2
"Mylopharyngodon piceus","16S",1,1
"Mylopharyngodon piceus","COI",54,3
"Mylopharyngodon piceus","genome",32,1
"Myxocyprinus asiaticus","12S",3,2
"Myxocyprinus asiaticus","16S",1,1
"Myxocyprinus asiaticus","COI",74,3
"Myxocyprinus asiaticus","genome",3,1
"Myxocyprinus asiaticus","multiple",1,1
"Neosalanx anderssoni","12S",5,2
"Neosalanx anderssoni","16S",2,1
"Neosalanx anderssoni","COI",24,3
"Neosalanx anderssoni","multiple",1,1
"Neosalanx brevirostris","12S",1,1
"Neosalanx brevirostris","16S",1,1
"Neosalanx brevirostris","COI",7,2
"Neosalanx oligodontis","12S",1,1
"Neosalanx oligodontis","16S",1,1
"Neosalanx oligodontis","COI",31,3
"Neosalanx oligodontis","genome",1,1
"Neosalanx taihuensis","12S",3,2
"Neosalanx taihuensis","16S",3,1
"Neosalanx taihuensis","COI",65,2
"Neosalanx taihuensis","genome",3,1
"Neosalanx tangkahkeii","12S",2,2
"Neosalanx tangkahkeii","16S",1,1
"Neosalanx tangkahkeii","COI",30,3
"Neosalanx tangkahkeii","genome",1,1
"Nipponocypris temminckii","12S",8,2
"Nipponocypris temminckii","16S",3,1
"Nipponocypris temminckii","COI",64,4
"Nipponocypris temminckii","genome",1,1
"Nipponocypris temminckii","multiple",2,2
"Ochetobius elongatus","12S",2,2
"Ochetobius elongatus","COI",24,3
"Ochetobius elongatus","genome",1,1
"Odontamblyopus lacepedii","12S",4,2
"Odontamblyopus lacepedii","16S",1,1
"Odontamblyopus lacepedii","COI",50,4
"Odontamblyopus lacepedii","genome",1,1
"Odontamblyopus rubicundus","12S",3,2
"Odontamblyopus rubicundus","16S",4,1
"Odontamblyopus rubicundus","COI",31,4
"Odontamblyopus rubicundus","genome",1,1
"Odontobutis obscurus","12S",12,1
"Odontobutis obscurus","16S",5,1
"Odontobutis obscurus","COI",2,1
"Odontobutis obscurus","genome",1,1
"Odontobutis obscurus","multiple",18,1
"Odontobutis potamophilus","12S",7,2
"Odontobutis potamophilus","16S",13,1
"Odontobutis potamophilus","COI",9,3
"Odontobutis potamophilus","genome",3,1
"Odontobutis potamophilus","multiple",2,1
"Odontobutis sinensis","12S",4,2
"Odontobutis sinensis","COI",19,3
"Odontobutis sinensis","genome",3,1
"Oncorhynchus mykiss","12S",31,3
"Oncorhynchus mykiss","16S",22,1
"Oncorhynchus mykiss","COI",491,4
"Oncorhynchus mykiss","genome",29,2
"Oncorhynchus mykiss","multiple",63,1
"Onychostoma angustistomatum","16S",1,1
"Onychostoma monticola","12S",1,1
"Onychostoma monticola","16S",1,1
"Onychostoma monticola","COI",5,1
"Onychostoma monticola","genome",2,1
"Onychostoma monticola","multiple",4,1
"Onychostoma ovale","12S",2,2
"Onychostoma ovale","16S",1,1
"Onychostoma ovale","COI",6,3
"Onychostoma ovale","genome",2,1
"Onychostoma rarum","12S",1,1
"Onychostoma rarum","16S",1,1
"Onychostoma rarum","COI",9,3
"Onychostoma rarum","genome",1,1
"Onychostoma simum","12S",1,1
"Onychostoma simum","16S",1,1
"Onychostoma simum","COI",8,3
"Onychostoma simum","genome",1,1
"Onychostoma yunnanense","COI",14,1
"Onychostoma yunnanense","genome",3,1
"Onychostoma yunnanense","multiple",2,1
"Opsariichthys bidens","12S",2,1
"Opsariichthys bidens","16S",2,1
"Opsariichthys bidens","COI",223,3
"Opsariichthys bidens","genome",2,1
"Opsariichthys chengtui","genome",2,1
"Opsariichthys macrolepis","COI",29,1
"Opsariichthys uncirostris","12S",4,2
"Opsariichthys uncirostris","16S",3,2
"Opsariichthys uncirostris","COI",191,3
"Opsariichthys uncirostris","genome",2,2
"Opsariichthys uncirostris","multiple",2,2
"Oreochromis aureus","12S",3,2
"Oreochromis aureus","16S",5,1
"Oreochromis aureus","COI",113,3
"Oreochromis aureus","genome",2,1
"Oreochromis mossambicus","12S",6,2
"Oreochromis mossambicus","16S",10,1
"Oreochromis mossambicus","COI",206,4
"Oreochromis mossambicus","genome",3,2
"Oreochromis mossambicus","multiple",1,1
"Oreochromis niloticus","12S",22,2
"Oreochromis niloticus","16S",40,2
"Oreochromis niloticus","COI",965,4
"Oreochromis niloticus","genome",7,1
"Oreochromis niloticus","multiple",2,1
"Oryzias latipes","12S",38,2
"Oryzias latipes","16S",20,1
"Oryzias latipes","COI",638,4
"Oryzias latipes","genome",16,2
"Oryzias latipes","multiple",10,2
"Oryzias sinensis","12S",1,1
"Oryzias sinensis","COI",51,3
"Oryzias sinensis","genome",1,1
"Oxuderces dentatus","12S",3,2
"Oxuderces dentatus","16S",1,1
"Oxuderces dentatus","COI",14,3
"Oxuderces dentatus","genome",1,1
"Oxuderces dentatus","multiple",1,1
"Oxyeleotris marmorata","12S",8,2
"Oxyeleotris marmorata","16S",2,1
"Oxyeleotris marmorata","COI",133,4
"Oxyeleotris marmorata","genome",2,1
"Oxyeleotris marmorata","multiple",3,2
"Pampus argenteus","12S",5,2
"Pampus argenteus","16S",19,2
"Pampus argenteus","COI",499,4
"Pampus argenteus","genome",6,2
"Parabotia banarescui","12S",3,2
"Parabotia banarescui","COI",9,3
"Parabotia banarescui","genome",1,1
"Parabotia bimaculatus","12S",1,1
"Parabotia bimaculatus","COI",11,3
"Parabotia bimaculatus","genome",1,1
"Parabotia fasciatus","12S",2,1
"Parabotia fasciatus","COI",20,3
"Parabotia fasciatus","genome",2,1
"Parabotia kiangsiensis","12S",1,1
"Parabotia kiangsiensis","COI",2,2
"Parabotia kiangsiensis","genome",1,1
"Parabramis pekinensis","12S",1,1
"Parabramis pekinensis","COI",40,3
"Parabramis pekinensis","genome",4,2
"Paracanthobrama guichenoti","12S",2,1
"Paracanthobrama guichenoti","COI",8,3
"Paracanthobrama guichenoti","genome",2,1
"Parachromis managuensis","12S",3,3
"Parachromis managuensis","16S",5,2
"Parachromis managuensis","COI",23,4
"Parachromis managuensis","genome",1,1
"Parachromis managuensis","multiple",1,1
"Paraqianlabeo lineatus","12S",2,2
"Paraqianlabeo lineatus","16S",1,1
"Paraqianlabeo lineatus","COI",12,3
"Paraqianlabeo lineatus","genome",1,1
"Parasinilabeo maculatus","12S",1,1
"Parasinilabeo maculatus","16S",1,1
"Parasinilabeo maculatus","COI",1,1
"Parastromateus niger","12S",8,2
"Parastromateus niger","16S",6,1
"Parastromateus niger","COI",148,4
"Parastromateus niger","multiple",3,1
"Paratanakia chii","12S",1,1
"Paratanakia chii","COI",1,1
"Paratanakia chii","genome",1,1
"Paratanakia himantegus","12S",1,1
"Paratanakia himantegus","COI",5,2
"Paratanakia himantegus","genome",3,1
"Perca fluviatilis","12S",16,2
"Perca fluviatilis","16S",29,1
"Perca fluviatilis","COI",205,4
"Perca fluviatilis","genome",8,1
"Perca fluviatilis","multiple",22,1
"Percocypris pingi","12S",2,2
"Percocypris pingi","16S",2,1
"Percocypris pingi","COI",44,3
"Percocypris pingi","genome",1,1
"Percocypris regani","16S",6,1
"Percocypris regani","COI",4,1
"Periophthalmus magnuspinnatus","12S",3,2
"Periophthalmus magnuspinnatus","COI",342,3
"Periophthalmus magnuspinnatus","genome",2,1
"Periophthalmus modestus","12S",7,3
"Periophthalmus modestus","16S",1,1
"Periophthalmus modestus","COI",237,4
"Periophthalmus modestus","genome",1,1
"Periophthalmus modestus","multiple",2,1
"Phractocephalus hemioliopterus","12S",4,2
"Phractocephalus hemioliopterus","16S",1,1
"Phractocephalus hemioliopterus","COI",19,4
"Phractocephalus hemioliopterus","genome",1,1
"Phractocephalus hemioliopterus","multiple",2,1
"Piaractus brachypomus","12S",5,1
"Piaractus brachypomus","16S",3,1
"Piaractus brachypomus","COI",164,4
"Piaractus brachypomus","genome",1,1
"Plagiognathops microlepis","12S",3,1
"Plagiognathops microlepis","COI",23,3
"Plagiognathops microlepis","genome",3,1
"Planiliza carinata","COI",12,2
"Planiliza carinata","genome",1,1
"Planiliza haematocheilus","12S",6,2
"Planiliza haematocheilus","16S",8,1
"Planiliza haematocheilus","COI",144,3
"Planiliza haematocheilus","genome",2,1
"Planiliza haematocheilus","multiple",1,1
"Platycephalus indicus","12S",6,2
"Platycephalus indicus","16S",7,1
"Platycephalus indicus","COI",149,4
"Platycephalus indicus","genome",2,2
"Platycephalus indicus","multiple",2,2
"Platysmacheilus exiguus","12S",1,1
"Platysmacheilus exiguus","COI",6,3
"Platysmacheilus exiguus","genome",2,1
"Platysmacheilus longibarbatus","12S",2,1
"Platysmacheilus longibarbatus","COI",3,2
"Platysmacheilus longibarbatus","genome",2,1
"Platysmacheilus obtusirostris","COI",2,1
"Plecoglossus altivelis","12S",13,3
"Plecoglossus altivelis","16S",4,1
"Plecoglossus altivelis","COI",58,4
"Plecoglossus altivelis","genome",6,1
"Plecoglossus altivelis","multiple",1,1
"Poecilia reticulata","12S",8,2
"Poecilia reticulata","16S",12,1
"Poecilia reticulata","COI",421,4
"Poecilia reticulata","genome",3,1
"Poecilia reticulata","multiple",2,1
"Poecilia velifera","12S",2,1
"Poecilia velifera","COI",15,2
"Poecilia velifera","multiple",2,1
"Polyodon spathula","12S",6,2
"Polyodon spathula","16S",3,1
"Polyodon spathula","COI",31,3
"Polyodon spathula","genome",5,1
"Prochilodus lineatus","12S",4,2
"Prochilodus lineatus","16S",6,1
"Prochilodus lineatus","COI",249,3
"Prochilodus lineatus","genome",3,1
"Procypris rabaudi","12S",2,1
"Procypris rabaudi","16S",2,1
"Procypris rabaudi","COI",91,2
"Procypris rabaudi","genome",2,2
"Protosalanx chinensis","12S",11,2
"Protosalanx chinensis","16S",9,1
"Protosalanx chinensis","COI",45,4
"Protosalanx chinensis","genome",3,2
"Psephurus gladius","12S",3,2
"Psephurus gladius","16S",2,1
"Psephurus gladius","COI",6,2
"Psephurus gladius","genome",1,1
"Pseudobrama simoni","12S",1,1
"Pseudobrama simoni","COI",15,3
"Pseudobrama simoni","genome",2,1
"Pseudogobio vaillanti","12S",3,2
"Pseudogobio vaillanti","COI",32,3
"Pseudogobio vaillanti","genome",2,1
"Pseudogyrinocheilus prochilus","12S",2,2
"Pseudogyrinocheilus prochilus","16S",4,2
"Pseudogyrinocheilus prochilus","COI",35,4
"Pseudogyrinocheilus prochilus","genome",1,1
"Pseudohemiculter dispar","12S",1,1
"Pseudohemiculter dispar","COI",62,4
"Pseudohemiculter dispar","genome",1,1
"Pseudohemiculter hainanensis","12S",1,1
"Pseudohemiculter hainanensis","COI",13,4
"Pseudohemiculter hainanensis","genome",1,1
"Pseudohemiculter kweichowensis","COI",1,1
"Pseudolaubuca engraulis","12S",1,1
"Pseudolaubuca engraulis","COI",43,3
"Pseudolaubuca engraulis","genome",1,1
"Pseudolaubuca sinensis","12S",3,2
"Pseudolaubuca sinensis","16S",1,1
"Pseudolaubuca sinensis","COI",43,3
"Pseudolaubuca sinensis","genome",2,1
"Pseudorasbora elongata","12S",3,2
"Pseudorasbora elongata","COI",11,3
"Pseudorasbora elongata","genome",2,1
"Pseudorasbora parva","12S",16,3
"Pseudorasbora parva","16S",34,1
"Pseudorasbora parva","COI",402,4
"Pseudorasbora parva","genome",2,1
"Pseudorasbora parva","multiple",1,1
"Pterygoplichthys disjunctivus","12S",2,2
"Pterygoplichthys disjunctivus","16S",11,1
"Pterygoplichthys disjunctivus","COI",29,3
"Pterygoplichthys disjunctivus","genome",1,1
"Pterygoplichthys multiradiatus","16S",2,1
"Pterygoplichthys multiradiatus","COI",6,1
"Ptychobarbus chungtienensis","12S",2,2
"Ptychobarbus chungtienensis","16S",1,1
"Ptychobarbus chungtienensis","COI",12,4
"Ptychobarbus chungtienensis","genome",2,1
"Ptychobarbus kaznakovi","12S",2,1
"Ptychobarbus kaznakovi","16S",3,1
"Ptychobarbus kaznakovi","COI",47,3
"Ptychobarbus kaznakovi","genome",4,1
"Pygocentrus nattereri","12S",3,2
"Pygocentrus nattereri","16S",7,1
"Pygocentrus nattereri","COI",125,3
"Pygocentrus nattereri","genome",1,1
"Rectoris luxiensis","12S",2,2
"Rectoris luxiensis","16S",2,2
"Rectoris luxiensis","COI",4,3
"Rectoris luxiensis","genome",1,1
"Rhinogobio cylindricus","12S",3,1
"Rhinogobio cylindricus","COI",22,3
"Rhinogobio cylindricus","genome",3,1
"Rhinogobio hunanensis","COI",3,1
"Rhinogobio typus","12S",4,2
"Rhinogobio typus","COI",12,3
"Rhinogobio typus","genome",3,1
"Rhinogobio ventralis","12S",2,1
"Rhinogobio ventralis","COI",12,3
"Rhinogobio ventralis","genome",2,1
"Rhinogobius brunneus","12S",14,3
"Rhinogobius brunneus","COI",101,4
"Rhinogobius brunneus","genome",4,2
"Rhinogobius brunneus","multiple",4,2
"Rhinogobius changtinensis","12S",1,1
"Rhinogobius changtinensis","COI",4,2
"Rhinogobius changtinensis","genome",1,1
"Rhinogobius cliffordpopei","12S",5,2
"Rhinogobius cliffordpopei","COI",18,3
"Rhinogobius cliffordpopei","genome",4,1
"Rhinogobius shennongensis","12S",1,1
"Rhinogobius shennongensis","COI",1,1
"Rhinogobius shennongensis","genome",2,1
"Rhinogobius similis","12S",13,2
"Rhinogobius similis","COI",186,4
"Rhinogobius similis","genome",6,1
"Rhinogobius similis","multiple",3,2
"Rhinogobius szechuanensis","12S",2,1
"Rhinogobius szechuanensis","COI",1,1
"Rhinogobius szechuanensis","genome",1,1
"Rhinogobius szechuanensis","multiple",2,2
"Rhodeus albomarginatus","12S",1,1
"Rhodeus albomarginatus","COI",1,1
"Rhodeus albomarginatus","genome",1,1
"Rhodeus fangi","12S",1,1
"Rhodeus fangi","COI",15,3
"Rhodeus fangi","genome",1,1
"Rhodeus lighti","12S",1,1
"Rhodeus lighti","COI",14,3
"Rhodeus lighti","genome",1,1
"Rhodeus ocellatus","12S",11,2
"Rhodeus ocellatus","16S",10,1
"Rhodeus ocellatus","COI",165,4
"Rhodeus ocellatus","genome",4,2
"Rhodeus ocellatus","multiple",1,1
"Rhodeus sinensis","12S",2,2
"Rhodeus sinensis","COI",66,3
"Rhodeus sinensis","genome",1,1
"Rhodeus sinensis","multiple",2,1
"Rhynchocypris lagowskii","12S",4,2
"Rhynchocypris lagowskii","16S",32,1
"Rhynchocypris lagowskii","COI",151,3
"Rhynchocypris lagowskii","genome",4,1
"Rhynchocypris oxycephalus","12S",6,1
"Rhynchocypris oxycephalus","16S",56,1
"Rhynchocypris oxycephalus","COI",123,3
"Rhynchocypris oxycephalus","genome",4,1
"Salanx ariakensis","12S",4,2
"Salanx ariakensis","16S",5,1
"Salanx ariakensis","COI",110,3
"Salanx ariakensis","genome",2,1
"Salanx prognathus","COI",2,1
"Sander lucioperca","12S",5,2
"Sander lucioperca","16S",5,1
"Sander lucioperca","COI",103,4
"Sander lucioperca","genome",2,1
"Sander lucioperca","multiple",2,1
"Sarcocheilichthys davidi","12S",1,1
"Sarcocheilichthys davidi","COI",10,3
"Sarcocheilichthys davidi","genome",1,1
"Sarcocheilichthys kiangsiensis","12S",2,1
"Sarcocheilichthys kiangsiensis","COI",6,2
"Sarcocheilichthys kiangsiensis","genome",2,1
"Sarcocheilichthys nigripinnis","12S",4,3
"Sarcocheilichthys nigripinnis","COI",54,4
"Sarcocheilichthys nigripinnis","genome",2,1
"Sarcocheilichthys parvus","12S",3,1
"Sarcocheilichthys parvus","COI",116,3
"Sarcocheilichthys parvus","genome",4,1
"Sarcocheilichthys sinensis","12S",5,1
"Sarcocheilichthys sinensis","COI",77,3
"Sarcocheilichthys sinensis","genome",7,2
"Sarcocheilichthys vittatus","12S",1,1
"Sarcocheilichthys vittatus","COI",1,1
"Sarcocheilichthys vittatus","genome",1,1
"Saurogobio dabryi","12S",5,2
"Saurogobio dabryi","COI",136,3
"Saurogobio dabryi","genome",4,1
"Saurogobio dumerili","12S",1,1
"Saurogobio dumerili","COI",11,3
"Saurogobio dumerili","genome",1,1
"Saurogobio gracilicaudatus","12S",2,2
"Saurogobio gracilicaudatus","COI",11,2
"Saurogobio gracilicaudatus","genome",1,1
"Saurogobio gymnocheilus","12S",1,1
"Saurogobio gymnocheilus","COI",13,1
"Saurogobio gymnocheilus","genome",1,1
"Saurogobio lissilabris","12S",1,1
"Saurogobio lissilabris","COI",4,2
"Saurogobio lissilabris","genome",1,1
"Saurogobio punctatus","12S",2,1
"Saurogobio punctatus","COI",2,1
"Saurogobio punctatus","genome",2,2
"Saurogobio xiangjiangensis","12S",1,1
"Saurogobio xiangjiangensis","COI",7,1
"Saurogobio xiangjiangensis","genome",1,1
"Scaphesthes barbatula","16S",1,1
"Scaphesthes barbatula","COI",25,1
"Scaphesthes barbatula","genome",2,1
"Scaphesthes barbatula","multiple",2,1
"Scaphesthes minnanensis","COI",8,1
"Scartelaos histophorus","12S",2,1
"Scartelaos histophorus","16S",1,1
"Scartelaos histophorus","COI",72,3
"Scartelaos histophorus","genome",1,1
"Scartelaos histophorus","multiple",2,1
"Schistura fasciolata","12S",5,2
"Schistura fasciolata","16S",2,1
"Schistura fasciolata","COI",53,3
"Schistura fasciolata","genome",5,1
"Schistura huapingensis","COI",2,1
"Schistura incerta","12S",1,1
"Schistura incerta","COI",1,1
"Schistura incerta","genome",1,1
"Schistura waltoni","COI",1,1
"Schizopygopsis chengi","16S",3,1
"Schizopygopsis chengi","COI",3,1
"Schizopygopsis chengi","genome",1,1
"Schizopygopsis eckloni","12S",4,1
"Schizopygopsis eckloni","16S",21,2
"Schizopygopsis eckloni","COI",176,4
"Schizopygopsis eckloni","genome",8,2
"Schizopygopsis firmispinata","12S",1,1
"Schizopygopsis firmispinata","COI",3,2
"Schizopygopsis kialingensis","12S",2,1
"Schizopygopsis kialingensis","16S",3,1
"Schizopygopsis kialingensis","COI",29,2
"Schizopygopsis kialingensis","genome",1,1
"Schizopygopsis malacanthus","12S",3,2
"Schizopygopsis malacanthus","16S",3,2
"Schizopygopsis malacanthus","COI",216,3
"Schizopygopsis malacanthus","genome",4,2
"Schizopygopsis microcephala","16S",5,1
"Schizopygopsis microcephala","COI",7,1
"Schizopygopsis microcephala","genome",2,1
"Schizopygopsis potanini","12S",1,1
"Schizopygopsis potanini","16S",5,1
"Schizopygopsis potanini","COI",75,2
"Schizopygopsis potanini","genome",1,1
"Schizothorax chongi","12S",1,1
"Schizothorax chongi","16S",1,1
"Schizothorax chongi","COI",15,2
"Schizothorax chongi","genome",1,1
"Schizothorax cryptolepis","16S",1,1
"Schizothorax cryptolepis","COI",3,1
"Schizothorax davidi","16S",1,1
"Schizothorax davidi","COI",12,3
"Schizothorax davidi","genome",1,1
"Schizothorax dolichonema","16S",1,1
"Schizothorax dolichonema","COI",11,2
"Schizothorax dolichonema","genome",2,1
"Schizothorax grahami","16S",2,1
"Schizothorax grahami","COI",13,3
"Schizothorax grahami","genome",1,1
"Schizothorax griseus","12S",1,1
"Schizothorax griseus","COI",15,1
"Schizothorax griseus","genome",1,1
"Schizothorax kozlovi","12S",2,1
"Schizothorax kozlovi","16S",1,1
"Schizothorax kozlovi","COI",71,3
"Schizothorax kozlovi","genome",3,1
"Schizothorax labrosus","16S",1,1
"Schizothorax labrosus","COI",1,1
"Schizothorax longibarbus","COI",2,2
"Schizothorax prenanti","12S",2,1
"Schizothorax prenanti","16S",2,1
"Schizothorax prenanti","COI",98,2
"Schizothorax prenanti","genome",1,1
"Schizothorax sinensis","12S",1,1
"Schizothorax sinensis","COI",9,2
"Schizothorax sinensis","genome",1,1
"Schizothorax wangchiachii","12S",1,1
"Schizothorax wangchiachii","16S",1,1
"Schizothorax wangchiachii","COI",25,1
"Schizothorax wangchiachii","genome",2,1
"Schizothorax yunnanensis","16S",2,1
"Schizothorax yunnanensis","COI",6,2
"Schizothorax yunnanensis","genome",2,1
"Scortum barcoo","12S",3,2
"Scortum barcoo","COI",27,3
"Scortum barcoo","genome",1,1
"Semilabeo notabilis","12S",1,1
"Semilabeo notabilis","16S",2,1
"Semilabeo notabilis","COI",6,2
"Semilabeo notabilis","genome",1,1
"Silurus asotus","12S",24,2
"Silurus asotus","16S",21,1
"Silurus asotus","COI",138,3
"Silurus asotus","genome",49,1
"Silurus asotus","multiple",1,1
"Silurus glanis","12S",3,1
"Silurus glanis","16S",3,1
"Silurus glanis","COI",51,4
"Silurus glanis","genome",12,1
"Silurus meridionalis","12S",5,2
"Silurus meridionalis","COI",27,3
"Silurus meridionalis","genome",10,1
"Sinibotia reevesae","12S",1,1
"Sinibotia reevesae","COI",17,2
"Sinibotia reevesae","genome",1,1
"Sinibotia superciliaris","12S",2,1
"Sinibotia superciliaris","COI",39,3
"Sinibotia superciliaris","genome",5,1
"Sinibrama longianalis","12S",1,1
"Sinibrama longianalis","16S",1,1
"Sinibrama longianalis","COI",1,1
"Sinibrama macrops","12S",1,1
"Sinibrama macrops","COI",41,3
"Sinibrama macrops","genome",3,1
"Sinibrama taeniatus","12S",1,1
"Sinibrama taeniatus","COI",9,3
"Sinibrama taeniatus","genome",1,1
"Sinibrama wui","12S",1,1
"Sinibrama wui","COI",7,2
"Sinibrama wui","genome",1,1
"Siniichthys bleekeri","12S",2,1
"Siniichthys bleekeri","16S",1,1
"Siniichthys bleekeri","COI",92,3
"Siniichthys bleekeri","genome",3,2
"Sinilabeo longibarbatus","12S",1,1
"Sinilabeo longibarbatus","16S",1,1
"Sinilabeo longibarbatus","COI",1,1
"Siniperca chuatsi","12S",5,2
"Siniperca chuatsi","16S",4,1
"Siniperca chuatsi","COI",47,3
"Siniperca chuatsi","genome",1,1
"Siniperca chuatsi","multiple",4,1
"Siniperca knerii","12S",3,2
"Siniperca knerii","16S",1,1
"Siniperca knerii","COI",55,3
"Siniperca knerii","genome",2,1
"Siniperca loona","12S",1,1
"Siniperca loona","COI",1,1
"Siniperca loona","genome",1,1
"Siniperca obscura","12S",2,2
"Siniperca obscura","16S",1,1
"Siniperca obscura","COI",7,3
"Siniperca obscura","genome",1,1
"Siniperca roulei","12S",3,2
"Siniperca roulei","16S",2,1
"Siniperca roulei","COI",8,3
"Siniperca roulei","genome",2,1
"Siniperca scherzeri","12S",10,2
"Siniperca scherzeri","16S",2,1
"Siniperca scherzeri","COI",194,3
"Siniperca scherzeri","genome",6,1
"Siniperca undulata","12S",3,2
"Siniperca undulata","16S",2,1
"Siniperca undulata","COI",10,3
"Siniperca undulata","genome",2,1
"Sinobdella sinensis","12S",2,1
"Sinobdella sinensis","COI",57,4
"Sinobdella sinensis","genome",2,1
"Sinocrossocheilus guizhouensis","12S",1,1
"Sinocrossocheilus guizhouensis","16S",1,1
"Sinocrossocheilus guizhouensis","COI",2,2
"Sinocrossocheilus labiatus","12S",2,2
"Sinocrossocheilus labiatus","16S",2,2
"Sinocrossocheilus labiatus","COI",4,4
"Sinocrossocheilus labiatus","genome",1,1
"Sinocyclocheilus grahami","12S",1,1
"Sinocyclocheilus grahami","16S",1,1
"Sinocyclocheilus grahami","COI",9,3
"Sinocyclocheilus grahami","genome",1,1
"Sinocyclocheilus huizeensis","12S",1,1
"Sinocyclocheilus huizeensis","COI",2,1
"Sinocyclocheilus huizeensis","genome",2,1
"Sinocyclocheilus multipunctatus","12S",1,1
"Sinocyclocheilus multipunctatus","COI",3,2
"Sinocyclocheilus multipunctatus","genome",1,1
"Sinocyclocheilus wumengshanensis","12S",1,1
"Sinocyclocheilus wumengshanensis","COI",2,2
"Sinocyclocheilus wumengshanensis","genome",1,1
"Sinogastromyzon hsiashiensis","12S",1,1
"Sinogastromyzon hsiashiensis","COI",7,3
"Sinogastromyzon hsiashiensis","genome",1,1
"Sinogastromyzon sichangensis","12S",1,1
"Sinogastromyzon sichangensis","COI",21,4
"Sinogastromyzon sichangensis","genome",1,1
"Sinogastromyzon szechuanensis","12S",3,1
"Sinogastromyzon szechuanensis","COI",12,4
"Sinogastromyzon szechuanensis","genome",4,1
"Sinorhodeus microlepis","12S",3,2
"Sinorhodeus microlepis","COI",2,1
"Sinorhodeus microlepis","genome",2,1
"Sinosturio dabryanus","12S",1,1
"Sinosturio dabryanus","COI",14,3
"Sinosturio dabryanus","genome",4,1
"Sinosturio schrenckii","12S",7,2
"Sinosturio schrenckii","16S",2,1
"Sinosturio schrenckii","COI",51,3
"Sinosturio schrenckii","genome",13,1
"Sinosturio sinensis","12S",9,2
"Sinosturio sinensis","16S",2,1
"Sinosturio sinensis","COI",25,3
"Sinosturio sinensis","genome",11,1
"Spinibarbus caldwelli","12S",3,1
"Spinibarbus caldwelli","16S",2,1
"Spinibarbus caldwelli","COI",17,3
"Spinibarbus caldwelli","genome",4,2
"Spinibarbus hollandi","12S",4,2
"Spinibarbus hollandi","16S",2,1
"Spinibarbus hollandi","COI",13,3
"Spinibarbus hollandi","genome",4,2
"Spinibarbus sinensis","12S",2,1
"Spinibarbus sinensis","16S",1,1
"Spinibarbus sinensis","COI",25,3
"Spinibarbus sinensis","genome",3,2
"Squalidus argentatus","12S",4,2
"Squalidus argentatus","COI",229,3
"Squalidus argentatus","genome",3,1
"Squalidus argentatus|Squalidus nitens","COI",1,1
"Squalidus nitens","12S",1,1
"Squalidus nitens","COI",1,1
"Squalidus nitens","genome",1,1
"Squalidus wolterstorffi","12S",1,1
"Squalidus wolterstorffi","COI",11,3
"Squalidus wolterstorffi","genome",1,1
"Squaliobarbus curriculus","12S",4,1
"Squaliobarbus curriculus","16S",2,1
"Squaliobarbus curriculus","COI",77,3
"Squaliobarbus curriculus","genome",5,1
"Strongylura anastomella","12S",2,1
"Strongylura anastomella","16S",2,1
"Strongylura anastomella","COI",13,3
"Strongylura anastomella","genome",1,1
"Strongylura anastomella","multiple",1,1
"Tachysurus adiposalis","COI",21,2
"Tachysurus albomarginatus","12S",1,1
"Tachysurus albomarginatus","COI",29,3
"Tachysurus albomarginatus","genome",1,1
"Tachysurus analis","COI",1,1
"Tachysurus argentivittatus","12S",2,1
"Tachysurus argentivittatus","COI",18,2
"Tachysurus argentivittatus","genome",2,1
"Tachysurus brachyrhabdion","12S",1,1
"Tachysurus brachyrhabdion","COI",8,2
"Tachysurus brachyrhabdion","genome",1,1
"Tachysurus brevicaudatus","COI",9,2
"Tachysurus brevicaudatus","genome",1,1
"Tachysurus crassilabris","12S",2,1
"Tachysurus crassilabris","16S",1,1
"Tachysurus crassilabris","COI",13,3
"Tachysurus crassilabris","genome",2,1
"Tachysurus eupogon","12S",2,1
"Tachysurus eupogon","COI",24,3
"Tachysurus eupogon","genome",2,1
"Tachysurus medianalis","COI",3,1
"Tachysurus medianalis","genome",1,1
"Tachysurus nitidus","12S",3,1
"Tachysurus nitidus","16S",1,1
"Tachysurus nitidus","COI",59,3
"Tachysurus nitidus","genome",3,1
"Tachysurus pratti","COI",4,2
"Tachysurus pratti","genome",1,1
"Tachysurus sinensis","COI",3,1
"Tachysurus taeniatus","COI",14,1
"Tachysurus taeniatus","genome",3,1
"Tachysurus tenuis","COI",3,3
"Tachysurus tenuis","genome",1,1
"Tachysurus truncatus","COI",8,2
"Tachysurus truncatus","genome",1,1
"Tachysurus ussuriensis","12S",6,2
"Tachysurus ussuriensis","16S",2,1
"Tachysurus ussuriensis","COI",33,3
"Tachysurus ussuriensis","genome",4,2
"Tachysurus ussuriensis","multiple",2,1
"Tachysurus vachellii","12S",5,1
"Tachysurus vachellii","16S",1,1
"Tachysurus vachellii","COI",149,3
"Tachysurus vachellii","genome",5,1
"Taenioides cirratus","12S",7,1
"Taenioides cirratus","COI",115,4
"Taenioides cirratus","genome",11,1
"Takifugu alboplumbeus","12S",7,2
"Takifugu alboplumbeus","16S",5,2
"Takifugu alboplumbeus","COI",141,4
"Takifugu alboplumbeus","genome",1,1
"Takifugu bimaculatus","12S",2,2
"Takifugu bimaculatus","16S",2,1
"Takifugu bimaculatus","COI",11,2
"Takifugu bimaculatus","genome",1,1
"Takifugu coronoidus","12S",1,1
"Takifugu coronoidus","COI",2,1
"Takifugu flavidus","12S",2,1
"Takifugu flavidus","16S",2,1
"Takifugu flavidus","COI",18,3
"Takifugu flavidus","genome",2,1
"Takifugu obscurus","12S",2,1
"Takifugu obscurus","16S",2,1
"Takifugu obscurus","COI",31,4
"Takifugu obscurus","genome",2,1
"Takifugu ocellatus","12S",2,1
"Takifugu ocellatus","16S",1,1
"Takifugu ocellatus","COI",20,3
"Takifugu porphyreus","12S",3,2
"Takifugu porphyreus","16S",5,1
"Takifugu porphyreus","COI",48,3
"Takifugu porphyreus","genome",1,1
"Takifugu porphyreus","multiple",1,1
"Takifugu rubripes","12S",7,3
"Takifugu rubripes","16S",15,2
"Takifugu rubripes","COI",123,4
"Takifugu rubripes","genome",2,2
"Takifugu rubripes","multiple",1,1
"Takifugu vermicularis","12S",2,2
"Takifugu vermicularis","16S",3,1
"Takifugu vermicularis","COI",14,4
"Takifugu vermicularis","genome",1,1
"Takifugu xanthopterus","12S",3,2
"Takifugu xanthopterus","16S",3,1
"Takifugu xanthopterus","COI",50,4
"Tenualosa reevesii","12S",1,1
"Tenualosa reevesii","COI",2,1
"Terapon jarbua","12S",12,2
"Terapon jarbua","16S",6,1
"Terapon jarbua","COI",545,4
"Terapon jarbua","genome",2,1
"Terapon jarbua","multiple",3,1
"Tinca tinca","12S",6,2
"Tinca tinca","16S",6,1
"Tinca tinca","COI",149,3
"Tinca tinca","genome",4,1
"Tinca tinca","multiple",2,1
"Toxabramis swinhonis","12S",1,1
"Toxabramis swinhonis","16S",1,1
"Toxabramis swinhonis","COI",17,3
"Toxabramis swinhonis","genome",2,1
"Trachidermus fasciatus","12S",4,2
"Trachidermus fasciatus","COI",145,3
"Trachidermus fasciatus","genome",2,1
"Trachidermus fasciatus","multiple",1,1
"Trachinotus falcatus","12S",3,2
"Trachinotus falcatus","16S",2,2
"Trachinotus falcatus","COI",28,3
"Trachinotus falcatus","genome",1,1
"Tremeuchiloglanis anteanalis","12S",1,1
"Tremeuchiloglanis anteanalis","16S",1,1
"Tremeuchiloglanis anteanalis","COI",7,3
"Tremeuchiloglanis anteanalis","genome",1,1
"Tremeuchiloglanis myzostoma","COI",2,1
"Tremeuchiloglanis myzostoma","genome",1,1
"Tremeuchiloglanis sichuanensis","12S",1,1
"Tremeuchiloglanis sichuanensis","COI",1,1
"Tremeuchiloglanis sichuanensis","genome",1,1
"Tremeuchiloglanis sinensis","16S",1,1
"Tremeuchiloglanis sinensis","COI",2,1
"Tremeuchiloglanis sinensis","genome",2,1
"Triaenopogon barbatus","12S",9,1
"Triaenopogon barbatus","COI",50,1
"Triaenopogon barbatus","genome",2,1
"Triaenopogon barbatus","multiple",4,1
"Trichogaster fasciata","12S",4,2
"Trichogaster fasciata","16S",5,2
"Trichogaster fasciata","COI",53,4
"Trichogaster fasciata","genome",2,2
"Trichogaster fasciata","multiple",4,2
"Trichogaster labiosa","12S",1,1
"Trichogaster labiosa","COI",6,2
"Trichogaster labiosa","multiple",1,1
"Trichopodus leerii","12S",4,2
"Trichopodus leerii","16S",1,1
"Trichopodus leerii","COI",15,4
"Trichopodus leerii","genome",2,1
"Trichopodus leerii","multiple",1,1
"Trichopodus microlepis","12S",2,1
"Trichopodus microlepis","16S",1,1
"Trichopodus microlepis","COI",11,3
"Trichopodus microlepis","genome",1,1
"Trichopodus microlepis","multiple",1,1
"Tridentiger trigonocephalus","12S",9,3
"Tridentiger trigonocephalus","16S",2,1
"Tridentiger trigonocephalus","COI",30,4
"Tridentiger trigonocephalus","genome",2,2
"Tridentiger trigonocephalus","multiple",4,1
"Triplophysa angeli","12S",1,1
"Triplophysa angeli","COI",1,1
"Triplophysa angeli","genome",1,1
"Triplophysa anterodorsalis","12S",1,1
"Triplophysa anterodorsalis","COI",9,3
"Triplophysa anterodorsalis","genome",1,1
"Triplophysa bleekeri","12S",2,1
"Triplophysa bleekeri","COI",62,3
"Triplophysa bleekeri","genome",2,1
"Triplophysa brevibarba","COI",2,2
"Triplophysa brevicauda","12S",2,1
"Triplophysa brevicauda","COI",143,2
"Triplophysa brevicauda","genome",2,2
"Triplophysa daqiaoensis","COI",2,1
"Triplophysa grahami","12S",1,1
"Triplophysa grahami","COI",4,2
"Triplophysa grahami","genome",1,1
"Triplophysa leptosoma","16S",1,1
"Triplophysa leptosoma","COI",68,1
"Triplophysa lixianensis","12S",1,1
"Triplophysa lixianensis","COI",5,3
"Triplophysa lixianensis","genome",1,1
"Triplophysa markehenensis","12S",1,1
"Triplophysa markehenensis","COI",4,2
"Triplophysa markehenensis","genome",1,1
"Triplophysa microphthalma","12S",1,1
"Triplophysa microphthalma","COI",1,1
"Triplophysa microphthalma","genome",1,1
"Triplophysa microps","12S",1,1
"Triplophysa microps","COI",10,3
"Triplophysa microps","genome",1,1
"Triplophysa obscura","COI",34,2
"Triplophysa orientalis","12S",2,1
"Triplophysa orientalis","16S",1,1
"Triplophysa orientalis","COI",79,3
"Triplophysa orientalis","genome",2,1
"Triplophysa pappenheimi","12S",2,1
"Triplophysa pappenheimi","16S",9,1
"Triplophysa pappenheimi","COI",18,2
"Triplophysa pappenheimi","genome",2,1
"Triplophysa polyfasciata","COI",1,1
"Triplophysa pseudoscleroptera","16S",1,1
"Triplophysa pseudoscleroptera","COI",5,2
"Triplophysa pseudostenura","12S",1,1
"Triplophysa pseudostenura","COI",8,2
"Triplophysa pseudostenura","genome",1,1
"Triplophysa robusta","12S",2,1
"Triplophysa robusta","16S",47,1
"Triplophysa robusta","COI",239,3
"Triplophysa robusta","genome",2,1
"Triplophysa rosa","12S",2,1
"Triplophysa rosa","16S",1,1
"Triplophysa rosa","COI",7,3
"Triplophysa rosa","genome",2,2
"Triplophysa rotundiventris","COI",1,1
"Triplophysa scleroptera","12S",2,2
"Triplophysa scleroptera","16S",2,1
"Triplophysa scleroptera","COI",19,3
"Triplophysa scleroptera","genome",2,2
"Triplophysa stenura","12S",2,1
"Triplophysa stenura","16S",1,1
"Triplophysa stenura","COI",345,3
"Triplophysa stenura","genome",2,1
"Triplophysa stewarti","12S",2,1
"Triplophysa stewarti","COI",103,3
"Triplophysa stewarti","genome",2,1
"Triplophysa stolickai","12S",1,1
"Triplophysa stolickai","COI",94,3
"Triplophysa stolickai","genome",1,1
"Triplophysa venusta","12S",1,1
"Triplophysa venusta","COI",10,2
"Triplophysa venusta","genome",1,1
"Triplophysa xiangxiensis","12S",1,1
"Triplophysa xiangxiensis","COI",9,3
"Triplophysa xiangxiensis","genome",1,1
"Triplophysa xichangensis","12S",1,1
"Triplophysa xichangensis","COI",2,2
"Triplophysa xichangensis","genome",1,1
"Triplophysa yaopeizhii","COI",1,1
"Trypauchen vagina","12S",5,2
"Trypauchen vagina","16S",2,1
"Trypauchen vagina","COI",102,4
"Trypauchen vagina","genome",1,1
"Trypauchen vagina","multiple",2,1
"Vanmanenia pingchowensis","12S",2,1
"Vanmanenia pingchowensis","COI",12,3
"Vanmanenia pingchowensis","genome",2,1
"Vanmanenia stenosoma","12S",2,1
"Vanmanenia stenosoma","COI",6,3
"Vanmanenia stenosoma","genome",2,1
"Wuhanlinigobius polylepis","12S",2,1
"Wuhanlinigobius polylepis","COI",4,3
"Wuhanlinigobius polylepis","genome",2,1
"Xenocypris davidi","12S",1,1
"Xenocypris davidi","COI",51,3
"Xenocypris davidi","genome",2,1
"Xenocypris fangi","12S",1,1
"Xenocypris fangi","COI",5,1
"Xenocypris fangi","genome",1,1
"Xenocypris hupeinensis","12S",2,2
"Xenocypris hupeinensis","16S",2,2
"Xenocypris hupeinensis","COI",7,2
"Xenocypris macrolepis","12S",3,1
"Xenocypris macrolepis","16S",1,1
"Xenocypris macrolepis","COI",31,3
"Xenocypris macrolepis","genome",4,1
"Xenocypris yunnanensis","12S",1,1
"Xenocypris yunnanensis","COI",3,2
"Xenocypris yunnanensis","genome",1,1
"Xenophysogobio boulengeri","12S",3,1
"Xenophysogobio boulengeri","COI",141,3
"Xenophysogobio boulengeri","genome",4,1
"Xenophysogobio nudicorpa","12S",3,1
"Xenophysogobio nudicorpa","COI",68,3
"Xenophysogobio nudicorpa","genome",4,1
"Xiphophorus hellerii","12S",8,2
"Xiphophorus hellerii","16S",3,1
"Xiphophorus hellerii","COI",115,3
"Xiphophorus hellerii","genome",2,1
"Xiphophorus hellerii","multiple",2,1
"Xiphophorus variatus","12S",3,2
"Xiphophorus variatus","COI",21,2
"Xiphophorus variatus","genome",2,2
"Yunnanilus pleurotaenia","12S",3,1
"Yunnanilus pleurotaenia","COI",15,2
"Yunnanilus pleurotaenia","genome",3,1
"Yunnanilus sichuanensis","12S",1,1
"Yunnanilus sichuanensis","COI",2,2
"Yunnanilus sichuanensis","genome",1,1
"Zacco platypus","12S",22,2
"Zacco platypus","16S",7,1
"Zacco platypus","COI",476,3
"Zacco platypus","genome",3,1
"Zacco platypus","multiple",6,1
